{"accuracy": [0.6443787217140198, 0.84375, 0.8159763216972351, 0.8125, 0.8621301651000977, 0.90625, 0.8863905072212219, 0.875, 0.913017749786377, 0.90625, 0.9213017821311951, 0.96875, 0.9242603778839111, 0.84375, 0.918343186378479, 0.96875, 0.9390532374382019, 0.875, 0.939644992351532, 0.9375], "loss": [0.8343462347984314, 0.5018249750137329, 0.47007596492767334, 0.44470906257629395, 0.35707372426986694, 0.24842862784862518, 0.2990872263908386, 0.3778384327888489, 0.23291850090026855, 0.20506258308887482, 0.22181983292102814, 0.1899837851524353, 0.21354928612709045, 0.35133710503578186, 0.20128335058689117, 0.08879510313272476, 0.1771106719970703, 0.37879881262779236, 0.16138949990272522, 0.13584297895431519], "val_accuracy": [0.9086538553237915, 0.911057710647583, 0.9278846383094788, 0.9302884340286255, 0.9495192170143127, 0.9471153616905212, 0.9615384340286255, 0.9615384340286255, 0.9663461446762085, 0.9663461446762085, 0.9615384340286255, 0.9615384340286255, 0.963942289352417, 0.963942289352417, 0.9615384340286255, 0.9615384340286255, 0.9663461446762085, 0.963942289352417, 0.9663461446762085, 0.9663461446762085], "val_loss": [0.3530425429344177, 0.35039007663726807, 0.2405802458524704, 0.239298477768898, 0.18886198103427887, 0.18830643594264984, 0.1616211086511612, 0.16095350682735443, 0.14946140348911285, 0.14880836009979248, 0.13902319967746735, 0.13746024668216705, 0.13021382689476013, 0.12930859625339508, 0.12600307166576385, 0.12606562674045563, 0.12991756200790405, 0.12668314576148987, 0.12284322082996368, 0.1224861666560173], "learning_rate": [9.999999747378752e-05, 9.999999747378752e-05, 9.999999747378752e-05, 9.999999747378752e-05, 9.999999747378752e-05, 9.999999747378752e-05, 9.999999747378752e-05, 9.999999747378752e-05, 9.999999747378752e-05, 9.999999747378752e-05, 9.999999747378752e-05, 9.999999747378752e-05, 9.999999747378752e-05, 9.999999747378752e-05, 9.999999747378752e-05, 9.999999747378752e-05, 9.999999747378752e-05, 9.999999747378752e-05, 1.9999999494757503e-05, 1.9999999494757503e-05]}